{
  "$schema": "https://vega.github.io/schema/vega-lite/v5.json",
  "description": "Interactive visualization that links a selection of awards with the average IMDb ratings of movies by year, with enhanced clickable areas.",
  "title": {
    "text": "Interactive Cinematic Insights",
    "fontSize": 18,
    "anchor": "middle",
    "fontWeight": "bold",
    "align": "center",
    "offset": 50
  },
  "data": {
    "url": "https://raw.githubusercontent.com/snehagoture/Information_Visualization/main/processed_movies_dataset3.csv"
  },
  "vconcat": [
    {
      "title": "Oscar Distribution accross Movies",
      "width": 500,
      "height": 500,
      "hconcat": [
        {
          "width": 300,
          "height": 250,
          "mark": {"type": "bar", "tooltip": true},
          "transform": [{"filter": "datum.awards != '0'"}],
          "selection": {
            "award_select": {
              "type": "single",
              "fields": ["awards"],
              "bind": "legend",
              "init": {"awards": "1"},
              "on": "click",
              "empty": "none"
            }
          },
          "encoding": {
            "x": {
              "field": "awards",
              "type": "ordinal",
              "sort": "-y",
              "axis": {"title": "Oscar Won", "labelAngle": 0}
            },
            "y": {
              "aggregate": "count",
              "field": "title",
              "type": "quantitative",
              "axis": {"title": "Number of Movies"}
            },
            "color": {
              "condition": {"selection": "award_select", "value": "steelblue"},
              "value": "lightgrey"
            },
            "tooltip": [
              {
                "field": "awards",
                "type": "nominal",
                "title": "Count of Oscar won"
              },
              {
                "field": "title",
                "type": "quantitative",
                "aggregate": "count",
                "title": "Number of Movies"
              }
            ]
          }
        },
        {
          "title": "Average IMDB Rating by Year",
          "width": 300,
          "height": 250,
          "transform": [{"filter": {"selection": "award_select"}}],
          "mark": "bar",
          "params": [
            {"name": "brush", "select": {"type": "point", "encodings": ["x"]}},
            {
              "name": "yearselect",
              "select": {"type": "point", "encodings": ["y"]}
            }
          ],
          "encoding": {
            "y": {
              "field": "year",
              "type": "temporal",
              "timeUnit": "year",
              "axis": {"title": "Year"}
            },
            "x": {
              "aggregate": "mean",
              "field": "imdb_rating",
              "type": "quantitative",
              "axis": {"title": "Average IMDB Rating"}
            },
            "color": {
              "field": "awards",
              "type": "nominal",
              "scale": {"scheme": "category20"},
              "legend": null
            },
            "tooltip": [
              {
                "field": "year",
                "type": "temporal",
                "timeUnit": "year",
                "title": "Release Year"
              },
              {
                "field": "imdb_rating",
                "type": "quantitative",
                "aggregate": "mean",
                "title": "Average IMDB Rating"
              },
              {"field": "awards", "type": "nominal", "title": "Oscar won"}
            ]
          }
        }
      ]
    },
    {
      "width": 500,
      "height": 500,
      "hconcat": [
        {
          "title": "Histogram of Movie Runtimes",
          "width": 250,
          "height": 250,
          "params": [
            {
              "name": "brush",
              "select": {"type": "interval", "encodings": ["x"]}
            }
          ],
          "mark": "bar",
          "encoding": {
            "x": {
              "field": "runtime",
              "bin": {"maxbins": 25},
              "type": "quantitative",
              "scale": {"domain": [20, 260]},
              "axis": {"title": "Runtime (Minutes)"}
            },
            "y": {
              "aggregate": "count",
              "type": "quantitative",
              "axis": {"title": "Number of Movies"}
            }
          }
        },
        {
          "title": "Scatter Plot of Gross Income",
          "width": 280,
          "height": 250,
          "mark": "circle",
          "encoding": {
            "x": {
              "field": "domgross",
              "type": "quantitative",
              "scale": {"domain": [3865, 760507625]}
            },
            "y": {
              "field": "intgross",
              "type": "quantitative",
              "scale": {"domain": [12636, 2783918982]}
            },
            "tooltip": [
              {
                "field": "budget",
                "type": "quantitative",
                "format": "$,.2f",
                "title": "Movie Budget"
              },
              {
                "field": "intgross",
                "type": "quantitative",
                "format": "$,.2f",
                "title": "International Gross"
              },
              {
                "field": "domgross",
                "type": "quantitative",
                "format": "$,.2f",
                "title": "Domestic Gross"
              },
              {
                "field": "year",
                "type": "temporal",
                "timeUnit": "year",
                "title": "Release Year"
              }
            ],
            "color": {
              "condition": {
                "test": {
                  "and": [
                    {
                      "param": "brush",
                      "field": "year",
                      "gte": {"expr": "year(datum.year)"}
                    },
                    {
                      "param": "brush",
                      "field": "year",
                      "lte": {"expr": "year(datum.year2)"}
                    },
                    {"param": "yearselect"}
                  ]
                },
                "value": "orange"
              },
              "value": "lightgrey"
            }
          },
          "params": [
            {
              "name": "brush",
              "select": {"type": "interval", "encodings": ["x"]},
              "bind": "scales"
            }
          ]
        }
      ]
    }
  ],
  "config": {
    "view": {"stroke": "transparent"},
    "padding": {"top": 10, "bottom": 0, "left": 20, "right": 20},
    "bar": {"binSpacing": 0, "continuousBandSize": 1}
  }
}